P	1. Workflows Ossify Patterns	**Fires on:** `workflow`, `activity`, `technique`, `routine`	
P	2. Internalize Before Producing	**Fires on:** `*`	
P	3. Define Complete Scope Before Execution	**Fires on:** `*`	
P	4. Clarify Before Assuming	**Fires on:** `*`	
P	5. Maximize Schema Expressiveness	**Fires on:** `workflow`, `activity`, `technique`, `routine`	
P	6. One Authoritative Home	**Fires on:** `*`	
P	7. Convention Over Invention	**Fires on:** `*`	
P	8. Confirm Before Irreversible Changes	**Fires on:** `*`	
P	9. Encode Constraints as Structure	**Fires on:** `activity.steps`, `activity.exits`, `workflow.rules`, `activity.rules`, `technique.rules`	
P	10. Non-Destructive Updates	**Fires on:** `*`	
P	11. Complete Documentation Structure	**Fires on:** `readme`	
P	12. Output Economy	**Fires on:** `technique.outputs`, `activity.steps`, `resource`	
P	13. Separate Contract from Procedure	**Fires on:** `technique.inputs`, `technique.outputs`, `technique.protocol`, `technique.rules`	
P	14. Single Source of Truth	**Fires on:** `workflow.variables`, `activity.steps`, `technique.inputs`	
P	15. Phase by Sequenced Outcome	**Fires on:** `technique.protocol`	
P	16. Distinguish Designators from Parameters	**Fires on:** `technique.protocol`	
P	17. Document in Positive Present	**Fires on:** `workflow.description`, `activity.description`, `activity.outcome`, `activity.steps[].options`, `readme`	
P	18. Prefer Shared Capability	**Fires on:** `activity.steps`, `activity.techniques`, `workflow.techniques`, `technique`	
P	19. Name Symbols Affirmatively	**Fires on:** `technique.inputs`, `technique.outputs`, `technique.rules`, `workflow.variables`, `activity.variables`	
P	20. Keep Orchestration in Structure	**Fires on:** `activity.steps`, `activity.exits`, `workflow.graph`, `technique.capability`, `technique.protocol`, `technique.rules`	
P	21. Match the Harness Surface	**Fires on:** `technique`, `resource`, `readme`	
P	22. Modular Over Inline	**Fires on:** `workflow`, `activity`, `technique`, `resource`, `routine`	
P	23. Close the Loop	**Fires on:** `*`	
P	24. Keep Session Interaction in Activities	**Fires on:** `technique`, `activity.steps`	
P	25. Bind Sibling Techniques as Steps	**Fires on:** `activity.steps`, `technique.protocol`	
P	26. A Technique Is a Reading	**Fires on:** `technique.capability`, `technique.protocol`, `technique.inputs`, `activity.steps`	
P	27. State Contract Contribution	**Fires on:** `technique.capability`, `technique.protocol`, `technique.inputs`, `technique.outputs`, `technique.rules`	
P	28. Creation Guide for Generated Documents	**Fires on:** `resource`, `technique.protocol`	
P	29. Cite Resource Policy; Do Not Restate It	**Fires on:** `resource`, `technique.protocol`	
P	30. Resources Stay Abstract	**Fires on:** `resource`, `technique`, `activity`	
P	31. Isolate Conditional Branches as Notes	**Fires on:** `technique.protocol`	
P	32. Cite Resources at Section Grain	**Fires on:** `technique`, `activity`, `resource`, `readme`	
P	33. Pre-Session Prose Stands Alone	**Fires on:** `resource`	
P	34. Edit the Owner	**Fires on:** `*`	
P	35. Prefer Removing the Thing That Needs a Prohibition	**Fires on:** `*`	
P	36. A Technique Names Only What Its Reader Holds	**Fires on:** `technique`	
P	37. An I/O Contract Names the Value	**Fires on:** `technique.inputs`, `technique.outputs`	
P	38. A Relocation Records the Outcome It Keeps	**Fires on:** `activity.steps`, `activity.exits`, `technique`, `workflow.rules`, `activity.rules`, `technique.rules`	
P	39. A Phase Heading Names the Outcome	**Fires on:** `technique.protocol`	
P	40. Fan-Out Lives at the Layer That Runs the Work	**Fires on:** `workflow.graph`, `activity.steps`, `technique`	
P	41. A Phase States Answers the Tool Has Returned	**Fires on:** `technique.protocol`	
P	42. A Routine Holds the Codified Path	**Fires on:** `routine`, `technique`, `activity`	
P	43. A Workflow Borrows Activities	**Fires on:** `workflow.activities`	
P	44. A Resource Splits for Section Delivery	**Fires on:** `resource`	
P	45. A Rule States One Invariant	**Fires on:** `technique.rules`	
P	46. A Consumer Binds the Contract	**Fires on:** `technique`, `activity`, `workflow`	
P	47. A Calibrated Surface Extends by Wrapping	**Fires on:** `technique`, `resource`	
AP	AP-01. no-inline-content	**Fires on:** `activity`, `technique`, `resource`	**Detect:** An activity, technique, or resource body is inlined into a parent YAML/markdown file (or a new construct is authored inline rather than as a sibling file).
AP	AP-02. schema-is-constraint	**Fires on:** `workflow`, `activity`, `technique`	**Detect:** A change proposes altering workflow/activity/technique schema (or inventing fields) so existing content validates.
AP	AP-03. no-partial-implementation	**Fires on:** `*`	**Detect:** A commit, handoff, or "done" claim leaves items in the scope manifest unaddressed or explicitly deferred without user approval.
AP	AP-04. no-invented-naming	**Fires on:** `*`	**Detect:** A new id, filename pattern, rule slug, or vocabulary term is introduced without checking existing conventions and without user approval.
AP	AP-05. atomic-checkpoints	**Fires on:** `activity.steps`	**Detect:** Two or more distinct user decisions are packed into a single checkpoint (or one checkpoint is skipped by bundling its decision into another).
AP	AP-06. no-assumption-execution	**Fires on:** `*`	**Detect:** The agent chooses among materially different interpretations of user intent without asking, then executes.
AP	AP-07. scope-reverify-completion	**Fires on:** `*`	**Detect:** A done/complete claim, commit, or close-out proceeds without verifying each scope-manifest item is addressed.
AP	AP-08. one-question-per-message	**Fires on:** `*`	**Detect:** A user-facing message contains two or more distinct questions (or stacked prompts that each require an answer).
AP	AP-09. checkpoint-not-prose	**Fires on:** `activity.description`, `activity.steps`, `technique.protocol`	**Detect:** Step/activity description (or protocol prose) tells the agent to ask/confirm/choose without a `kind: checkpoint` at that `steps[]` position.
AP	AP-10. loop-not-prose	**Fires on:** `activity.description`, `activity.steps`, `technique.protocol`	**Detect:** Description or protocol says to repeat work with no `kind: loop` at that `steps[]` position. Two shapes: walking a collection the session carries between steps, whose declared form is `loopType: forEach` with `over` and `variable`; and repeating until a stated condition clears, whose declared form is `loopType: while` or `doWhile` with `continueWhile`. In both the repeated work is the loop's nested `steps[]`.
AP	AP-11. decision-not-prose	**Fires on:** `activity.description`, `activity.exits`, `workflow.graph`	**Detect:** Prose describes branching to different activities/paths that the activity's `exits` do not declare — no exit selected by a `when` or a checkpoint option, bound in the `graph` to that path.
AP	AP-12. artifact-not-buried	**Fires on:** `activity.description`, `technique.capability`, `technique.protocol`, `technique.outputs`	**Detect:** A technique/activity claims to produce a file/report only in `description` (or similar prose) without a `#### artifact` on the producing technique's `## Outputs`.
AP	AP-13. variable-for-approval	**Fires on:** `activity.description`, `activity.steps`, `activity.variables`, `workflow.variables`	**Detect:** Prose instructs remembering/tracking approval or similar state without a `variable` wired through checkpoint `effects`.
AP	AP-14. mode-as-state	**Fires on:** `activity.rules`, `workflow.rules`, `technique.rules`, `activity.variables`, `workflow.variables`, `activity.steps`, `activity.exits`	**Detect:** Mode-specific skip/branch behaviour appears only as rules or prose rather than a mode state variable (enum or boolean) plus `when` / `exits[].when`. Parallel boolean projections of an enum mode are `no-derived-state-shadow`.
AP	AP-15. procedure-in-protocol	**Fires on:** `activity.steps`	**Detect:** A step `description` holds the procedure — numbered audit criteria, a sequenced procedure, or per-item iteration logic (`numbered-protocol-phases`).
AP	AP-16. technique-inputs-declared	**Fires on:** `technique.capability`, `technique.inputs`, `technique.protocol`	**Detect:** Technique prose names a needed value (path, id, artifact) that is not declared in `inputs[]` with `id`/`description`.
AP	AP-17. bound-step-no-description	**Fires on:** `activity.steps`	**Detect:** A `kind: technique` or `kind: action` step that binds a technique still carries `description` or `name`. A bound step allows `kind`, `id`, `technique` (a string or `{ name, inputs, outputs }`), and structural `actions`, `when`, `condition`, or `required: false`. Unbound procedure in a description is `procedure-in-protocol`.
AP	AP-18. no-monolith-masking-steps	**Fires on:** `activity.steps`	**Detect:** Several steps bind the same technique and differ only by `description` (or equivalent prose), with no distinguishing `when` / `actions` / input-output deviation.
AP	AP-19. no-rule-protocol-restatement	**Fires on:** `technique.rules`, `activity.rules`, `workflow.rules`, `technique.protocol`	**Detect:** A technique, activity, or workflow rule restates a protocol bullet or phase without an invariant the steps do not already convey, or instructs work rather than constraining it. Test: the sentence could stand as a numbered Protocol phase unaltered. A prohibition is a constraint, and so is an invariant on a result. An imperative that names a step's work is not, including when no phase states that work yet.
AP	AP-20. rule-group-disambiguation	**Fires on:** `technique.rules`, `activity.rules`, `workflow.rules`	**Detect:** Two rules read as conflicting when co-listed, and they are not separated by grouped rule keys that supply context.
AP	AP-21. grouped-rule-keys	**Fires on:** `technique.rules`, `activity.rules`, `workflow.rules`	**Detect:** Multiple rules share a naming prefix (or obvious family) but remain flat strings/keys instead of a grouped array under one descriptive key.
AP	AP-22. single-rule-authority	**Fires on:** `workflow.rules`, `activity.rules`, `technique.rules`	**Detect:** One invariant, two homes. Across levels: the same orchestrator-only rule (variable management, routing, commit policy, mode handling), or a rule that does not need worker reach, appears at workflow, activity, and technique. Within one rules block: two entries whose trigger and consequence coincide, so applying either yields the same behaviour and neither can be edited alone. The tell is a bridge — `(same stance as X)`, `as X already says`, `mirrors X` — a cross-reference that reconciles two homes.
AP	AP-23. worker-rule-reach	**Fires on:** `workflow.rules.workflow`, `activity.rules`, `technique.rules`	**Detect:** A behavioural rule workers must read is present only under `rules.workflow` (workers never receive `workflow.yaml`), or an audit flags per-technique copies of a worker-directed rule as hygiene violations.
AP	AP-24. no-contradictory-rules	**Fires on:** `technique.rules`, `activity.rules`, `workflow.rules`	**Detect:** Two rules in the same technique (or same rules bucket) prescribe mutually exclusive behaviours.
AP	AP-25. no-one-step-rules	**Fires on:** `technique.rules`, `technique.protocol`	**Detect:** A `## Rules` entry constrains a single protocol step/phase rather than a cross-cutting invariant.
AP	AP-26. no-rationale-in-description	**Fires on:** `workflow.description`, `activity.description`, `activity.steps[].message`, `activity.steps[].options[].description`, `activity.steps[].actions[].description`, `technique.protocol`, `technique.rules`, `activity.rules`, `workflow.rules`	**Detect:** A `description`, `message`, option or action description, procedure bullet, technique `## Rules` entry, or `rules.*` string explains why a construct exists, what consumes it, or whose remit it falls under, compares it to a prior implementation, or restates a fact adjacent structure already encodes (`steps[]` order, `when`, effects, exits, the workflow graph, a default). Test: delete the clause; if the prohibition or invariant still says what is constrained, the clause was rationale.
AP	AP-27. validate-message-economy	**Fires on:** `activity.steps[].actions[].message`	**Detect:** A validate-action message includes trailing consequence essays after the failure cause and fix command.
AP	AP-28. no-sequence-in-description	**Fires on:** `workflow.description`, `activity.description`, `technique.capability`, `workflow.activities`, `workflow.graph`, `activity.steps`, `technique.protocol`	**Detect:** `description:` on workflow/activity/technique enumerates the sequence of activities, phases, modes, or steps already canonical in `activities[]`/`graph`/`steps[]` (or the on-disk layout).
AP	AP-29. no-user-env-mutation	**Fires on:** `workflow.description`, `activity.description`, `technique.capability`, `activity.steps[].actions[].message`, `technique.protocol`, `activity.steps[].options`	**Detect:** Descriptions, validate messages, procedure bullets, or options direct the user or agent to mutate user-owned environment state outside the working tree (e.g. global git/gh/gpg config, package installs).
AP	AP-30. role-rules-not-description	**Fires on:** `workflow.description`, `activity.description`, `workflow.variables`, `activity.variables`, `workflow.rules`, `activity.rules`, `technique.rules`	**Detect:** Description (including variable descriptions) prescribes orchestrator/worker/sub-agent behaviour ("MUST", "coordinates only", "do not call") rather than saying what the construct is.
AP	AP-31. no-hand-authored-artifacts	**Fires on:** `activity`, `technique.outputs`	**Detect:** Activity YAML declares `artifacts[]`. The server synthesizes that contract from the bound techniques' `## Outputs` — `#### artifact` filenames and activity-group shorthand.
AP	AP-32. outcome-names-value	**Fires on:** `activity.outcome`	**Detect:** An outcome names the act of writing a file, re-lists that file's contents, or says a variable was populated or set. Test: the outcome still reads true if the file or variable is renamed.
AP	AP-33. no-set-of-technique-output	**Fires on:** `activity.steps[].technique`, `activity.steps[].actions`, `technique.outputs`	**Detect:** A step has `technique` and a `set` whose `target` is a value the bound technique computes (an assessment, a classification, a derived structure, an artifact path). That output already lands via `variable-binding`.
AP	AP-34. no-valueless-control-set	**Fires on:** `activity.steps[].actions`	**Detect:** A control step (no `technique`) has value-LESS `set`s (`target` + `description`, no `value:`) whose descriptions carry sourcing/derivation HOW for a domain payload.
AP	AP-35. no-intra-step-input-set	**Fires on:** `activity.steps[].technique.inputs`, `activity.steps[].actions`	**Detect:** A bound step's `technique.inputs` interpolates a variable that the same step's `set` writes. Inputs resolve at invocation; a `set` is a side-effect with no before-input contract. The output-side counterpart is `no-set-of-technique-output`.
AP	AP-36. techniques-list-disjoint	**Fires on:** `activity.techniques`, `activity.steps[].technique`	**Detect:** An entry in activity-level `techniques[]` is also bound by a step, top-level or inside a loop, via `step.technique`. Activity `techniques[]` holds a cross-cutting strategy (`variable-binding`, `scatter-gather`), not a per-step technique.
AP	AP-37. rule-audience-bucket	**Fires on:** `workflow.rules.workflow`, `workflow.rules.activity`, `workflow.rules.universal`	**Detect:** Classify each rule by who must act: orchestrator (`get_workflow` only), worker (`get_activity` inject), or both identically. Flag worker directives (write-immediately, no-permission-questions, blocker-surfacing, artifact-verification, lens-loading-by-worker) under `rules.workflow`. Flag orchestration directives (dispatch isolation, output forwarding, checkpoint cadence, orchestrator handoff) under `rules.activity`.
AP	AP-38. no-duplicate-technique-steps	**Fires on:** `activity.steps[].technique`	**Detect:** Two or more steps in one activity bind the same technique. (a) Redundant re-execution — they differ only by which already-produced output to surface — collapses to one step. (b) Unrolled iteration — the same technique on N collection items — is one `forEach` with one binding. (c) Monolith-masking — distinguished only by a sub-mode input — splits into a group with one named technique per mode (`no-monolith-masking-steps`).
AP	AP-39. hoist-universal-techniques	**Fires on:** `activity.techniques`, `workflow.techniques.activity`	**Detect:** A strategy technique appears on nearly every activity's `techniques[]`. `techniques.workflow` reaches the orchestrator (`get_workflow`). `techniques.activity` is inherited by every activity (`get_activity`). There is no `universal` bucket for techniques. A technique only some activities use stays on those activities. A step-binding duplicate is `techniques-list-disjoint`.
AP	AP-40. readme-orients-not-transcribes	**Fires on:** `readme`	**Detect:** A README enumerates, in prose or tables, activity `steps[]` (including inline checkpoint options, `effect`, `autoAdvanceMs`, and loops), `exits[]` or the graph, per-step technique bindings, workflow `variables`, `rules`, or per-activity estimated times. Also flag an inventory count ("N resources") or loader path HOW (`resources/<id>.md`, "loaded by resource id", "sole load key"). Test: the block must be edited when those YAML fields or folder contents change.
AP	AP-41. avoidance-voice-in-definitions	**Fires on:** `workflow.description`, `activity.description`, `activity.outcome`, `technique.capability`, `activity.steps[].options[].description`, `activity.steps[].actions[].description`, `readme`, `resource`	**Detect:** In workflow/activity/technique/resource *definition* prose (`description`, `outcome`, option/action descriptions, README orientation for the defined workflow — not planning artifacts), a passage states what the system avoids or how it differs from a prior/alternative design. Comparative/avoidance framing that must be edited when the "old way" is forgotten is the signal — not every English negation.
AP	AP-42. io-agnostic-contract	**Fires on:** `technique.inputs`, `technique.outputs`	**Detect:** An input/output entry names or links a workflow-internal producer/consumer — another technique ("from [analyze-failure]", "produced by build-function-registry"), activity ("from the elicitation activity"), step, checkpoint, loop, or workflow/activity file. Describe what the value IS (meaning, shape, allowed values), never its position in a particular workflow.
AP	AP-43. canonical-artifact-ids	**Fires on:** `technique.protocol`, `technique.inputs`, `technique.outputs`	**Detect:** Protocol references data via literal artifact filename/path, or I/O ids are path-flavored proxies (`assumptions-log-path` vs `assumptions-log`).
AP	AP-44. artifact-name-in-io	**Fires on:** `technique.protocol`, `technique.inputs`, `technique.outputs`	**Detect:** Protocol prose names a concrete artifact filename, a literal or an ad-hoc path, instead of a canonical Input or Output id. A name selected by a mode is one literal per technique (`artifact-name-is-filename`).
AP	AP-45. no-opaque-artifact-path-array	**Fires on:** `technique.inputs`, `technique.protocol`	**Detect:** A technique consumes several artifacts via a single opaque `*-paths` (or similar) array that forces Protocol to name the files.
AP	AP-46. no-resource-caller-backlink	**Fires on:** `resource`	**Detect:** A resource other than an engine or conduct prompt names a host caller, a destination, or bind/gate topology. Caller: "produced by", "live on", "Composed by", "Used by", a role-to-file table, a technique or activity path as a link target, a bare host id under Enforcement, "gated by", or "bound by". Destination: an `Outputs:` header, or prose placing the content in a named file ("written into", "a section of"). Orchestration: "activities bind", an `analyse:` or `::` recipe, a residual gate (`{has_open_assumptions}`, `{has_open_questions}`), "via [interview]", checkpoint or batch routing. Test: deleting the passage leaves a usable template, vocabulary, or guide, and the deleted text named who binds, produces, or gates the resource, or where its output goes.
AP	AP-47. no-redundant-link-label	**Fires on:** `*`	**Detect:** A pattern `word ([link-text](url))` where `word` and `link-text` are the same name (modulo case/hyphen/underscore).
AP	AP-48. brace-output-references	**Fires on:** `technique.protocol`	**Detect:** Protocol uses vague nouns ("the output", "the result", "the artifact", "the analysis") instead of `{output_id}` or `{output_id}.field`.
AP	AP-49. no-delivery-mechanism-narration	**Fires on:** `technique.protocol`	**Detect:** Protocol explains how the server delivers the technique, resources, or bundle — "Resources are attached to technique responses", "available in `_resources`", "loaded via `get_technique`", "in the technique response", "worker self-bootstraps via `get_activity`".
AP	AP-50. no-tool-usage-prescription	**Fires on:** `technique.capability`, `technique.protocol`, `technique.rules`, `resource`	**Detect:** Capability, Protocol, Rules, or non-engine resource prose prescribes how to invoke a harness or MCP tool — a call name with "via", "call", or "after", an argument shape, or a sequence of session tools (`get_resource`, `get_technique`, `get_activity`, `get_workflow`, `start_session`, `next_activity`, `list_workflows`).
AP	AP-51. canonical-technique-reference	**Fires on:** `technique.protocol`	**Detect:** Protocol names a raw harness or MCP tool for a capability that another technique wraps. The canonical form is `[op](path)` or `[group](path)::[op](path)`, which the server resolves to `::`. A stale or inconsistent name is `consistent-tool-names`.
AP	AP-52. brace-declared-ids	**Fires on:** `technique.protocol`, `technique.capability`	**Detect:** (a) bare declared id as plain words; (b) orphan enum/index value not tied to its input ("index 23"); (c) disguised id in backticks or `<angles>` without braces. Spelling must match the declared id exactly (`### problem_statement` → `{problem_statement}`). Forms: `{input_id}` / `{output_id}` / `{output_id}.field` / `{$local}`.
AP	AP-53. dotted-rule-address	**Fires on:** `technique.protocol`	**Detect:** A Protocol step cites a rule as prose ("per the X rule"), with `::`, or as a hyperlink to the rule's heading. Also flag a citation of a rule declared nowhere. Also flag an address shorter than the rules that arrive with the citer: its own, every container it sits beneath, and the contracts of the scopes its role's bundle names. A bare slug declared only outside that set names nothing delivered. Roles are not readable from the tree, so a static walk proves the library: inside one library a rule may arrive by a route the walk cannot see, and from another library it never does. Checking link spelling alone settles neither length.
AP	AP-54. anchored-protocol-references	**Fires on:** `technique.protocol`	**Detect:** A protocol phrase refers to a declared I/O, rule, technique, or resource and does not use that kind's resolvable form (`{id}`, a dotted rule symbol, a canonical `::` or hyperlink, or a resource hyperlink). Sibling form rules on the same walk are `brace-declared-ids`, `brace-output-references`, `canonical-artifact-ids`, `dotted-rule-address`, `canonical-technique-reference`, and `bind-protocol-locals`.
AP	AP-55. hoist-shared-inputs	**Fires on:** `technique.inputs`, `technique.inherited_inputs`	**Detect:** The same input is re-declared on many techniques instead of once on the smallest common container (group or workflow-root `TECHNIQUE.md`). A path-flavored id (`planning-folder-path`) is the related shape; the canonical id is the noun the value is (`canonical-artifact-ids`). Also flag synonym drift for one concept across leaves.
AP	AP-56. paren-invocation-args	**Fires on:** `technique.protocol`	**Detect:** (a) A technique/technique invocation passes its argument list in braces (`::op {arg: value}`) instead of parentheses on the op reference. (b) A technique argument *name* appears bare or backticked (sharing the designator/code-token form) rather than italic. Test: the token names a parameter slot of the applied op, not a declared `{id}` value and not a literal path/command.
AP	AP-57. escape-literal-dollar	**Fires on:** `*`	**Detect:** Unescaped `$` in rendered prose, outside a fenced block or an inline code span — a price (`$0.05`), `$schema`, or a shell `${VAR}` shown in text. GFM treats `$…$` as inline math, so an unescaped `$` can mis-render. A protocol variable is already inside a code span (`backtick-code-tokens`).
AP	AP-58. snake-case-symbols	**Fires on:** `technique.inputs`, `technique.outputs`, `technique.protocol`, `technique.rules`, `resource`	**Detect:** Symbol ids (inputs, outputs, sub-fields, `{$locals}`) in kebab/camel — they must be `snake_case` to bind to activity/condition/session state. Case used to encode input vs output direction. Rule/technique/resource/file/`::` targets wrongly snaked.
AP	AP-59. constraint-as-blockquote	**Fires on:** `technique.protocol`	**Detect:** A caveat on one instruction — a condition, a fallback, an error path, or a prohibition — is an indented sub-bullet (`  - …`) or a *when* / *if* / *otherwise* clause inside the step sentence. The step regex strips indent, so the sub-bullet becomes a peer step. Two clauses of one predicate (`when {passed} is false` beside `if the run emitted warnings`) read as two branches.
AP	AP-60. local-rule-as-note	**Fires on:** `technique.rules`, `technique.protocol`	**Detect:** A `## Rules` entry applies to only one protocol block/step rather than spanning the technique.
AP	AP-61. factor-repeated-paths	**Fires on:** `technique`	**Detect:** A filesystem path appears more than once in a technique (or across techniques) as a repeated literal, or a step hard-codes a path when a declared variable already exists.
AP	AP-62. bind-protocol-locals	**Fires on:** `technique.protocol`, `technique.inputs`, `technique.outputs`	**Detect:** (a) An unbound local: a bare `{name}` that is not a declared I/O or an ambient activity input (`{target_path}`, `{branch_name}`) and has no `{$name}` bind in the protocol. (b) A dead binding: `{$name}` is never read as `{name}`. `{$name}` appears only at the producing step; reads are bare `{name}`, and the bind is textually before every read (`backtick-code-tokens`).
AP	AP-63. backtick-code-tokens	**Fires on:** `*`	**Detect:** A bare designator (`{id}`, `{$name}`, a dotted rule address), a CLI or shell command including a single-quoted command, an MCP tool call, a resource URI (`scheme://…`), or a literal path or filename, outside a code span and not a markdown or `::` link target.
AP	AP-64. boolean-id-shape	**Fires on:** `technique.inputs`, `technique.outputs`, `workflow.variables`, `activity.variables`	**Detect:** Boolean symbol ids use a non-affirmative stem (`not_ready`, `no_merge`), a generic-noun burial (`…_flag`, `…_status`, `…_check`), or an ambiguous noun. Inverted meaning still fails when the id is prefixed.
AP	AP-65. collection-id-shape	**Fires on:** `technique.inputs`, `technique.outputs`, `workflow.variables`, `activity.variables`	**Detect:** Collection/map ids use `*_list`/`*_array`/`*_collection`/`*_set` suffixes, or a singular id holding an iterated collection. Collections: plural item noun (`tasks`, `failures`). Key-addressed maps: singular mapping name (`domain_to_range`).
AP	AP-66. io-id-shape	**Fires on:** `technique.inputs`, `technique.outputs`	**Detect:** I/O ids that are direction-encoded; representation proxies (`-path`/`-list`, see `canonical-artifact-ids` / `hoist-shared-inputs`); synonym drift for one concept; bare single-word generics (`summary`, `artifact`, `coverage`, `state`, `result`, `prompt`); Inputs/Output heading name collisions within one technique (except true input∩output pass-through).
AP	AP-67. rule-slug-shape	**Fires on:** `technique.rules`	**Detect:** A rule slug is a bare negation, process narration, or a prohibited-state name when a positive invariant is at least as clear.
AP	AP-68. technique-stage-agnostic	**Fires on:** `technique.capability`, `technique.protocol`, `technique.rules`	**Detect:** Technique Capability, Protocol, or Rules (a) mention a stage or activity (named, or "calling/consuming/producing activity"), a checkpoint, a loop or iteration, a transition or decision route, or a position in the activity flow ("after each task", "before user confirmation", "before the next step"), or (b) prescribe user confirmation, approval, or choice as if the technique owns that gate. Test: the sentence answers where or when in the workflow, which checkpoint surrounds the work, or how the user decides.
AP	AP-69. no-activity-prose-rules	**Fires on:** `activity.rules`	**Detect:** Any activity-level `rules:` entry.
AP	AP-70. capability-group-placement	**Fires on:** `technique`, `workflow.techniques`	**Detect:** A technique's directory or name encodes the wrong locus for its shape-origin: a reusable harness/capability primitive lives under a client workflow; a cross-activity intrinsic capability is named for one activity; or an activity-seam-only set is named as if it were a standalone capability. Also flag a group folder whose ops are the workflow's entire technique set (`<group>::` only restates the workflow). Discriminator is shape-origin, not consumer count.
AP	AP-71. no-false-resource-delivery	**Fires on:** `technique`, `resource`, `readme`	**Detect:** A technique, bootstrap/meta resource, or workflow doc/README describes a tool's return value, delivery shape, or payload inaccurately versus the actual harness behaviour (e.g. claims full resource bodies when the tool returns lightweight refs).
AP	AP-72. complete-bootstrap-path	**Fires on:** `technique`, `resource`	**Detect:** An authoritative bootstrap sequence (meta bootstrap / engine technique / orchestrator prompt) omits a tool or step required to reach the first meaningful action, given what the prior tools actually return (e.g. no `initialActivity` and no `get_workflow`).
AP	AP-73. consistent-tool-names	**Fires on:** `technique`, `resource`, `readme`	**Detect:** (1) The same harness action is named differently across techniques, bootstrap resources, or docs. (2) A cited tool name does not exist on the actual harness tool surface. Canonical name for loading a step technique is `get_technique`.
AP	AP-74. no-duplicated-guidance	**Fires on:** `technique`, `resource`	**Detect:** Identical or near-identical behavioural instructions appear in more than one technique or tool description. Harness mechanics restated outside the engine, conduct, or bootstrap surface are `no-tool-usage-prescription`.
AP	AP-75. describe-tool-value	**Fires on:** `technique`, `resource`	**Detect:** On surfaces that legitimately describe tools (meta engine/bootstrap/tool docs), a description states mechanics or a partial return and omits the value the agent actually receives (e.g. "moves to the next activity" without the full activity definition payload).
AP	AP-76. no-redundant-tools	**Fires on:** `technique`, `resource`	**Detect:** Authored guidance or the harness surface exposes/recommends a tool whose output is a strict subset of another tool already required (e.g. a routing-only helper after `next_activity`).
AP	AP-77. impl-before-confirmed-approach	**Fires on:** `*`	**Detect:** File/workflow modifications begin before the user has confirmed the proposed approach for the change.
AP	AP-78. follow-through-on-recommend	**Fires on:** `*`	**Detect:** The agent emits recommendations/analysis as the deliverable and stops without implementing the approved next action when implementation is in scope.
AP	AP-79. structure-backed-constraints	**Fires on:** `workflow.rules`, `activity.rules`, `technique.rules`, `activity.steps`, `activity.exits`	**Detect:** A critical rule in `rules[]` (workflow / activity) or technique `## Rules` can be violated by ignoring the text and has no structural backing (checkpoint, condition, validate action, or exit `when`).
AP	AP-80. preserve-readme-content	**Fires on:** `readme`	**Detect:** A README edit removes or shrinks substantive content without listing what was preserved/removed and getting user confirmation.
AP	AP-81. verify-format-literacy	**Fires on:** `workflow`, `technique`, `resource`	**Detect:** New workflow/technique/resource files are drafted without checking the relevant format/schema conventions, or commits proceed without validating the touched files.
AP	AP-82. work-through-activities	**Fires on:** `workflow.activities`, `workflow.graph`	**Detect:** Results are combined, advanced, or closed outside the workflow's defined activities and graph.
AP	AP-83. accept-correction	**Fires on:** `*`	**Detect:** The agent disputes a user correction without citing evidence, or fails to re-examine the output after a correction.
AP	AP-84. single-closeout-artifact	**Fires on:** `resource`, `readme`	**Detect:** More than one terminal artifact (or README footer) re-states delivered items, decisions, validation, follow-ups, or lessons.
AP	AP-85. link-dont-copy-sections	**Fires on:** `resource`	**Detect:** A template lays out sections to fill with content whose canonical home is another artifact, instead of instructing a link.
AP	AP-86. exception-only-verdict-tables	**Fires on:** `resource`	**Detect:** A template requires a verdict or status table whose expected steady state is all-pass (every row "✅ Met", "✅ Done", or "✓").
AP	AP-87. omit-null-sections	**Fires on:** `resource`, `activity.steps`	**Detect:** Artifacts include "None"/"N/A" headed sections or empty tables, or checkpoints ask the user to confirm a null result.
AP	AP-88. one-decision-one-checkpoint	**Fires on:** `activity.steps`	**Detect:** Two declared checkpoints share one decision: the second's answer space is subsumed by the first's options. An agent combining checkpoints the definition already separated is `atomic-checkpoints`.
AP	AP-89. checkpoint-requires-decision	**Fires on:** `activity.steps`	**Detect:** Every option leads to the same next step, sets no variable, and exists only so the user can acknowledge guidance. An `autoAdvanceMs` that changes nothing is the same fault.
AP	AP-90. no-guide-wrapper-ceremony	**Fires on:** `resource`	**Detect:** An agent-facing resource pads a template with ceremony — a Purpose or Overview that restates the title, a Good/Bad pair, a Quality Checklist that restates the body, or a relationship table. What stays is the template plus the operative rules: decision criteria, thresholds, format rules, classification vocabularies.
AP	AP-91. lifecycle-row-update	**Fires on:** `resource`	**Detect:** A tracked item gets a new section (or appended block) at each lifecycle stage instead of one row updated in place. Aggregate scorecards are persisted in the log rather than presented in-session.
AP	AP-92. resource-fills-not-does	**Fires on:** `resource`	**Detect:** A resource section is shaped like technique Protocol or session orchestration — imperative cadence ("after each phase/task", "Ask after…", "surface… then classify…"), numbered operational steps, or behavioural routing ("validate before proceeding", "confirm at checkpoint", "proceed to interview/batch"). Vocabulary, labels, and probe lists a template consumes stay. Behavioural cadence and gate routing that a technique applies move to the technique. Methodology a different technique consumes than the filename suggests stays, for that consumer. Bind-topology essays are also `no-resource-caller-backlink`.
AP	AP-93. canonical-fact-home	**Fires on:** `resource`	**Detect:** Several templates in one workflow each mandate a full section for the same fact category (problem statement, success criteria, assumptions, decisions, risks).
AP	AP-94. link-only-input-slots	**Fires on:** `resource`	**Detect:** A section is shaped to hold a summary/copy of a different document — even when adjacent prose says "link, don't copy", the slot shape defeats the rule.
AP	AP-95. enforce-output-discipline	**Fires on:** `workflow.rules`, `technique.rules`, `resource`	**Detect:** An output-discipline ruleset exists only as prose with no verify technique at a workflow boundary — style decays per-worker with nothing detecting drift (duplicated homes, null sections, restated slots).
AP	AP-96. artifact-audience-declared	**Fires on:** `technique.outputs`	**Detect:** An output declaring `#### artifact` carries no `#### audience`. Absence reads as `human`, so an agent-state artifact — a lifecycle log, index, or ledger only later steps re-read — keeps the prose shape a human document has.
AP	AP-97. link-named-artifacts	**Fires on:** `activity.steps[].message`, `activity.steps[].actions[].message`	**Detect:** A user-presented checkpoint or action `message` names or implies a durable file artifact without `[label]({path_variable})`, or the link hard-codes a numeric `NN-` prefix.
AP	AP-98. no-next-step-narration	**Fires on:** `activity.steps[].message`, `activity.steps[].actions[].message`, `activity.steps[].options[].description`	**Detect:** Checkpoint/action `message` or option `description` narrates next-step routing or auto-advance timing that the schema already owns (`exits`, the workflow `graph`, `autoAdvanceMs`, `defaultOption`, option labels).
AP	AP-99. statement-not-question	**Fires on:** `activity.steps[].message`	**Detect:** Checkpoint `message` has a trailing `?`, or confirm/interrogative openers ("confirm…", "is this…", "does this…", "would you like…", "which … should").
AP	AP-100. runtime-rules-only	**Fires on:** `workflow.rules`, `activity.rules`, `technique.rules`	**Detect:** A rule in `rules.*` or technique `## Rules` governs how to *write* workflows (content shape of YAML/technique/resource files, authoring standards) rather than current-session runtime conduct. Signals: restates a design principle or anti-pattern; would apply in an unrelated authoring session.
AP	AP-101. no-caption-only-message	**Fires on:** `activity.steps[].message`	**Detect:** After a present-then-checkpoint step, `message` restates "what I just showed" with no durable subject and no decision-relevant fact.
AP	AP-102. no-technique-resource-dual-home	**Fires on:** `technique`, `resource`	**Detect:** A technique that loads or links a resource also embeds operative criteria that must be applied from that resource (parallel detect/fix lists, vocabularies, or compressed checklists). Both files hold the same facts — distinct from `resource-fills-not-does` and `no-resource-caller-backlink`.
AP	AP-103. cited-home-owns-claim	**Fires on:** `technique`, `resource`, `readme`	**Detect:** A technique, resource, or guide attributes an operative fact to a linked home ("from X", "per X", "defined in X", "select … from X") and that fact is absent from X. It lives only in the citer, or nowhere. Test: the claim cannot be applied from X alone.
AP	AP-104. operative-criteria-need-a-home	**Fires on:** `technique.protocol`, `resource`	**Detect:** Reusable Detect, Do not flag, and Fix criteria — or an equivalent checklist an agent reapplies across sessions — exist only inside a technique protocol, with no resource or catalogue home. Signals: a long criterion list, a classification vocabulary, a "scan for these markers" table.
AP	AP-105. no-shadow-audit-pass	**Fires on:** `technique.protocol`	**Detect:** An audit technique embeds a compressed copy of a catalog/resource's Detect criteria while another technique already walks that same home (full or scoped).
AP	AP-106. canon-layer-cites-not-restates	**Fires on:** `resource`, `readme`	**Detect:** An upper canon layer — a design principle, a mode guide, README orientation — re-embeds a multi-sentence Detect or Fix body a lower layer already owns: this catalogue, the construct inventory, or a convention resource. Test: a named citation replaces the paragraph without losing an enforceable test. Also flag a duplicated marker list or rewrite recipe.
AP	AP-107. bind-site-is-orchestration-truth	**Fires on:** `readme`, `resource`, `technique`, `workflow.description`, `activity.steps`, `workflow.graph`, `workflow.initialActivity`	**Detect:** Prose outside activity YAML enumerates an ordered or complete list of activities, steps, or technique passes, and that list is not generated from the authoritative bind sites (`steps[]` / loop bodies / `technique:`, plus `initialActivity` / the workflow `graph`). Test: the prose must change when a bind changes, but the YAML was not the source of the list.
AP	AP-108. numbered-protocol-phases	**Fires on:** `technique.protocol`	**Detect:** A technique `## Protocol` has a numbered `### N. Title` whose body holds two or more bullets, or imperative sentences, that are distinct sequential phases. Each produces a different outcome, or must complete before the next. Test: reordering or dropping a bullet changes the phase sequence.
AP	AP-109. technique-outputs-declared	**Fires on:** `technique.capability`, `technique.protocol`, `technique.outputs`	**Detect:** Technique Capability or Protocol assembles, derives, or returns a durable or gateable value — a plan, findings, a summary, a classification, a path, a count, a structured assessment — with no matching `### <id>` under `## Outputs`. Test: a later step, checkpoint, or consumer could bind or cite the value. A file also needs `#### artifact` (`artifact-not-buried`).
AP	AP-110. duplicate-shared-capability	**Fires on:** `technique.protocol`	**Detect:** A workflow-local technique embeds a harness recipe in its Protocol for a capability a shared namespace already holds a technique for. Also flag a local re-teaching of a concurrent fan-out — `Task`, spawn-concurrent, or dispatch-then-merge — when [`orchestration-patterns`](/meta/techniques/orchestration-patterns/TECHNIQUE.md) or a borrowable [`meta/activities/patterns/`](/meta/activities/patterns/README.md) activity already covers the shape. Test: the local novelty is only parameters or caller-specific composition; the verb is already owned elsewhere. A shared op that almost fits, missing an input, optional flag, or output, still owns the capability.
AP	AP-111. contract-not-procedure	**Fires on:** `technique.protocol`, `technique.outputs`	**Detect:** A technique `## Protocol` (a) restates derivation, recognition, or decision-tree criteria for a declared Output, or (b) has a numbered phase whose sole job is to assign a pure projection of another output already produced (boolean flags that are `true` iff `{operation_type}` is a given enum). Test: deleting the Protocol copy leaves the Output description as the sole complete definition, or the phase only types derived fields.
AP	AP-112. no-derived-state-shadow	**Fires on:** `workflow.variables`	**Detect:** A workflow declares two or more variables where one is a pure projection of another — a boolean that is true iff a primary enum or string equals a constant, or a mirrored count of the same bag. A gate, a technique input, or a `setVariable` effect writes or reads the shadow. Test: a legal write can leave the shadow disagreeing with the source.
AP	AP-113. session-interaction-in-technique	**Fires on:** `technique.capability`, `technique.protocol`, `technique.rules`	**Detect:** Technique Capability, Protocol, or Rules instructs presenting, surfacing, showing, narrating, or otherwise delivering content to a user, session, or chat. Test: the imperative needs a human audience or session channel to succeed, and no tool or technique owns that channel.
AP	AP-114. pass-orchestration-in-technique	**Fires on:** `technique.capability`, `technique.protocol`	**Detect:** Technique Capability or Protocol applies, invokes, or runs another technique for work, by `Apply [technique]` or a `::` invocation, one or many. Signals: numbered phases that are each "Apply […]"; Capability that names a multi-pass pipeline or a façade over shared ops; Outputs that only re-export children. Test: moving each invoked op to its own `steps[]` entry at the binding site, with any local value-assembly technique kept separate, preserves behaviour.
AP	AP-115. platform-semantics-in-capability	**Fires on:** `technique.capability`, `readme`	**Detect:** Capability on a container `TECHNIQUE.md` (workflow root or group), or orientation prose for that container, explains how the loader applies the contract: Inputs, Outputs, or Rules inherited or merged into descendants; a technique set implied by folder contents; a standalone-versus-group placement lecture; or a trailing "Techniques inherit the … below" clause. Test: the sentence teaches how composition works rather than what shared contract exists.
AP	AP-116. no-template-creation-guide	**Fires on:** `technique.protocol`, `resource`	**Detect:** A technique persists a session planning artifact by bare filename and either no workflow resource owns that filename with a `## Template` (or named template anchor), or Protocol embeds a competing section or table recipe rather than citing the guide. Shared satellites may share one guide.
AP	AP-117. no-engine-mechanics-as-rules	**Fires on:** `technique.rules`, `activity.rules`, `workflow.rules`, `technique.protocol`	**Detect:** A technique, activity, or workflow `## Rules` or `rules[]` entry — or a Protocol phase that only restates bag, envelope, binding, or dispatch mechanics — repeats a contract owned by workflow-engine, variable-binding, finalize-activity, or schema composition. Examples: declared outputs land via `variables_changed`; mutations use the sanctioned channel; loops and conditions are structural. The entry adds no domain invariant those homes do not already encode.
AP	AP-118. no-bind-mechanics-as-prose	**Fires on:** `technique.inputs`, `technique.outputs`, `technique.capability`, `technique.protocol`, `technique.rules`, `activity.rules`, `workflow.rules`, `activity.steps[].options[].description`, `activity.steps[].actions[].description`, `readme`	**Detect:** Definition prose outside the bind home — an I/O description, Capability, a Protocol aside, a Rule, README orientation, option or action text — tells the agent how to obtain, satisfy, fall back, remap, or otherwise resolve a declared input or output. That resolution belongs in [variable-binding](/meta/techniques/variable-binding.md), in call-site `step.technique.inputs` or `outputs` deviations, or in a declared `default`. Test: deleting the sentence leaves a binding gap that structure should close, or the sentence only teaches how to get the value into the technique.
AP	AP-119. procedure-in-io-contract	**Fires on:** `technique.inputs`, `technique.outputs`	**Detect:** An `## Inputs` or `## Outputs` description carries an imperative, a do/don't, a multi-step population, sequencing ("final phase", "gates steps N"), a conditional duty ("when absent, then…"), a checkpoint duty, or a recovery recipe. An Output may still state how the value is recognised. Test: the sentence answers how the value is produced, or what to do with it, rather than what it is.
AP	AP-120. procedure-in-capability	**Fires on:** `technique.capability`	**Detect:** Capability carries an imperative past naming the product, sequencing, a mode branch, or a seed/fallback; or a markdown link to another file; or a brace designator (`{fixes_applied}`). Test: the sentence answers how to perform it, where else to look, or which bag id it is.
AP	AP-121. rule-as-protocol-step	**Fires on:** `technique.protocol`, `resource`	**Detect:** A Protocol phase, bootstrap-instruction bullet, or sequenced list states only a standing invariant, prohibition, or "follow X rules throughout" duty, with no produce, transform, or persist outcome for that step. Test: removing the step leaves the work sequence intact, and the sentence still belongs as a constraint on the whole technique or session. The inverse is `no-one-step-rules`.
AP	AP-122. prompt-restates-owned-mechanics	**Fires on:** `resource`, `technique`	**Detect:** Stub or agent-entry prose explains a bundling budget, a begin-beat, `step_techniques` engagement, sibling `resources` map reuse, bind precedence, yield or replay branching, or another contract owned by a technique's Protocol or Rules — [variable-binding](/meta/techniques/variable-binding.md), [yield-checkpoint](/meta/techniques/workflow-engine/yield-checkpoint.md), [workflow-engine](/meta/techniques/workflow-engine/TECHNIQUE.md) — or by the tool response itself (`step_techniques_note`, `resources_note`, a reference-mode note). Test: deleting the paragraph and leaving a cite to that home preserves fidelity.
AP	AP-123. capability-as-op-inventory	**Fires on:** `technique.capability`	**Detect:** Capability is a comma or em-dash inventory of child techniques, protocol facets, or folder techniques, often with a hyperlink to each, rather than what the contract or group contributes. Test: the sentence must be edited whenever a nested technique is added, renamed, or removed, and a reader could get the same list from the folder or index.
AP	AP-124. alternate-ops-as-protocol-sequence	**Fires on:** `technique.protocol`	**Detect:** A technique `## Protocol` lists alternate modes of the same technique that a caller selects exactly one of (spawn versus resume versus concurrent; create versus update) and never walks in order. Also flag a Protocol bullet whose only job is standing host policy (blocking-equivalent wait, depth-1, index-in-prompt, prefer or omit flags) with no produce, transform, or persist outcome for that step. Test: renumbering the phases would not change runtime behaviour, because only one phase applies per call.
AP	AP-125. technique-ref-in-io-contract	**Fires on:** `technique.inputs`, `technique.outputs`	**Detect:** A technique `## Inputs` or `## Outputs` entry description contains a markdown hyperlink to a technique file (`**/techniques/**/*.md`, group `TECHNIQUE.md`, or equivalent `::` technique citation), or prose that names another technique as the producer/consumer/executor of the value ("from [challenge]", "via [commit-paths]", "ready for [dispatch-workers]", "folded by [run-suite]"). Inputs/Outputs are bind contracts — what the value *is* — not an invitation to execute another op. Test: if following the link would take the agent into another technique's Protocol/Rules to interpret the slot, flag it.
AP	AP-126. cut-comment-jsdoc-verbosity	**Fires on:** `*`	**Detect:** Comments or JSDoc whose removal leaves the code equally clear; multi-line blocks that paraphrase identifiers; "what" narration without a non-obvious "why".
AP	AP-127. no-dense-prose-after-config-examples	**Fires on:** `resource`, `technique`, `readme`	**Detect:** After a complete example fence, a paragraph (or more) that only re-explains keys already shown; duplicate "how to fill" essays beside a Template.
AP	AP-128. worktree-root-placeholders	**Fires on:** `*`	**Detect:** Literal home directories, machine-specific worktree roots, or copied absolute paths where `{target_path}`, `{planning_folder_path}`, or a relative-from-worktree placeholder belongs.
AP	AP-129. no-parallel-runbook-when-setup-covers-it	**Fires on:** `technique.protocol`, `readme`, `resource`	**Detect:** Parallel runbooks that restate clone/install/build/start already in SETUP; technique Protocol that teaches environment bootstrap the setup doc owns.
AP	AP-130. variable-description-one-line	**Fires on:** `workflow.variables`	**Detect:** `description` is more than one sentence, essay-length multi-clause prose, or includes producer/consumer/gate/layout tails ("Set by…", "Drives…", "Read by…", "Gates…", "Interpolated into…", install-path catalogs, loop/checkpoint wiring, restatement of `defaultValue`).
AP	AP-131. bag-value-as-literal	**Fires on:** `workflow`, `activity`, `technique`, `resource`	**Detect:** Cross-reference literals in workflow, activity, technique, and resource content against the workflow's `variables[]` and the enclosing technique's `## Inputs` and `## Outputs`. Flag a verbatim value — path root, branch or remote name, identifier, count, enum member, host — where a declared slot carries that meaning and `{name}` belongs. Both must hold: the slot's `description` names what the literal denotes, and the literal is the operative value rather than a shape illustration.
AP	AP-132. unproduced-value-read	**Fires on:** `activity.steps`	**Detect:** The sole producer (step output, remap, or `set`) is gated by `when` or `condition`, or sits in a `while` body whose `continueWhile` decides the first pass. A later reader — an input, a `when`, `condition`, `continueWhile`, `breakCondition`, or `{token}` — is reachable where that producer is skipped, and the variable has no `defaultValue`. Two shapes: a reader gated by equality or a relational operator, and an ungated reader with no producer arm for the gate's negation.
AP	AP-133. stale-restatement-after-change	**Fires on:** `readme`, `activity.description`, `technique.capability`, `activity.outcome`, `resource`	**Detect:** A change alters a gate, precondition, default, or ordering. Search the pre-change phrasing across every README tier, activity `description`, `## Capability`, `outcome[]`, and resource body. Flag each hit that still asserts the old behaviour. Count occurrences in the tree: a manifest naming one file for a claim that appears in three is the same defect.
AP	AP-134. artifact-name-is-filename	**Fires on:** `technique.outputs`	**Detect:** Read the body as the filename created under the artifact prefix. Flag more than one path segment: names joined by `/`, `and`, or `or`; a parenthesised mode or condition; a declaration key written as text (`name: <file>`); a sentence naming a section of another technique's document; a path separator.
AP	AP-135. resource-id-names-its-content	**Fires on:** `resource`	**Detect:** Read each id under `**/resources/**` with the body closed. For a template, guide, vocabulary, criteria, or policy, flag a verb head or an imperative. Also flag a noun that omits the kind word its siblings carry (`-guide`, `-template`, `-forms`, `-seed`) while the file holds a `## Template`.
AP	AP-136. deployment-path-in-capability	**Fires on:** `technique.capability`	**Detect:** Capability contains a repo-relative directory, a checkout root, or an absolute path. Test: a workflow storing the same artifacts under another root cannot adopt the op with this Capability unchanged.
AP	AP-137. overlapping-rule-scopes	**Fires on:** `technique.rules`, `workflow.rules`, `activity.rules`, `resource`	**Detect:** In one bucket (`## Rules`, a `rules.*` array, or fill rules), an input satisfies both triggers, the handling differs, and neither entry orders them: a broad rule beside a narrower one that does not name itself the exception, two thresholds on one measure, or two criteria on one field. Test: one input in the intersection, read alone, does not determine the behaviour.
AP	AP-138. whole-resource-for-one-section	**Fires on:** `technique`, `resource`	**Detect:** A technique cites a multi-section resource with no `#anchor` while the link text, or the phrase beside it, matches one heading. Also flag a bare citation beside an anchored citation of the same resource: both are delivered.
AP	AP-139. tool-contract-restated-in-protocol	**Fires on:** `technique.protocol`, `technique.rules`	**Detect:** Protocol or a rule spells out field names, types, cardinality, required-versus-optional, permitted values, or omit-versus-empty for a tool whose schema the harness shows the caller. The bullet says what the argument is.
AP	AP-140. phase-cited-by-ordinal	**Fires on:** `technique.rules`, `technique.inputs`, `technique.outputs`, `technique.capability`, `technique.protocol`, `resource`, `readme`	**Detect:** A rule, I/O description, Capability, resource, README, or another technique's Protocol says "step N", "phase N", or "the Nth step". Numbering belongs to the loader ([workflow-canonical](/meta/resources/workflow-canonical.md#protocol)). Test: insert one phase above the cited one; the sentence now names the wrong work.
AP	AP-141. unowned-harness-capability	**Fires on:** `technique`	**Detect:** One tool is named for the same capability in two or more technique bodies, and no technique declares that product on `## Outputs`. Signals: permitted argument values listed at more than one site; a citation of another consumer (`single-rule-authority`). Test: no file answers which technique a caller would bind.
AP	AP-142. output-without-destination	**Fires on:** `technique.outputs`, `activity.steps`	**Detect:** For each `### <id>` under `## Outputs`, name where it lands: an `#### artifact` on the entry; a binding, remap, gate, `validate` target, or same-named input in a workflow that can bind the op; or `{id}` in the binding activity's message or checkpoint. Flag an entry with none, including one mentioned only as "return `{id}`", and one whose `variables[]` slot nothing reads. Test: the only reader is the worker's own report.
AP	AP-143. framing-outside-any-section	**Fires on:** `resource`	**Detect:** After stripping frontmatter and ignoring fenced blocks, the resource has at least one anchored citer, and either (a) the leading H1 carries substantial framing (roughly 100+ characters of body before the first `##`) whose only reachable anchor spans the whole file, or (b) prose sits before any heading. Mechanical: measure prose before the first `##` against the span of the leading H1 and against every `##` span. A section-scoped `get_resource` returns only the matched heading's span, so that framing is silently absent for every section consumer.
AP	AP-144. declared-input-never-read	**Fires on:** `technique.inputs`, `technique.protocol`, `technique.rules`	**Detect:** For each `### <id>` under a technique's `## Inputs`, search that technique's `## Protocol` and `## Rules` for the id — braced as `{id}`, as `{id}.field`, or named bare inside a tool-call signature a phase passes. Flag an entry with no occurrence. Test: the only phase that spends the value is the declaration itself.
AP	AP-145. apply-omits-declared-input	**Fires on:** `technique.protocol`, `technique.inputs`	**Detect:** For each Protocol `Apply` or `::` invocation, resolve the target's `## Inputs`, including any merged from its container. Flag a required input the Apply site neither passes nor covers by a declared `default`, and that no same-name slot on the applying technique makes ambient. Test: a required slot of the target is absent from the Apply line and from the applying technique's own contract.
AP	AP-146. branch-on-undeclared-threshold	**Fires on:** `technique.protocol`, `technique.rules`, `activity.steps`	**Detect:** A Protocol branch, `>` note, gate, or rule conditions on a duration, size, count, or limit — "within the expected time", "if it takes too long", "when the payload is large", "after enough retries" — that no declared input, `#### default`, workflow variable, policy resource row, or tool-surface field supplies. Test: nothing in the contract or the harness surface holds the value the agent compares against.
AP	AP-147. inherited-rules-re-enumerated	**Fires on:** `technique.rules`, `workflow.rules`, `activity.rules`	**Detect:** A `## Rules` entry (or `rules.*` string) whose body is a citation, or a list of citations, to rules declared elsewhere, and the reader already receives those rules — by container merge, by the techniques bundle, or by a sibling entry that commands following that set. Compare the list with the cited home's roster. Flag when the home holds a rule the list omits; when the entry states nothing the cited rule does not; when the entry is a subset of an obligation a sibling already states; or when the entry reuses the cited rule's name or a near-variant, so the shortened dotted address is ambiguous. Test: adding a rule to the cited home leaves this entry incomplete, or removing the entry changes no behaviour.
AP	AP-148. reference-without-provenance	**Fires on:** `technique`	**Detect:** For each prose reference to a value, a tool result, or a completed action, name the construct that supplies it — a declared input or output on this technique, a workflow variable, an earlier phase of this Protocol, a resolvable link, or a field a named call returns. Flag when nothing supplies it, and when the named kind is one the context holds several of. Passive wording is the tell: "already returned by", "as returned", "has already landed", or "carry it to X" where no phase applies X.
AP	AP-149. pre-session-prose-defers-to-the-framework	**Fires on:** `resource`	**Detect:** On a surface delivered before a session exists — the `discover` bootstrap procedure — a relative corpus link, a dotted rule address, or an instruction to apply a technique, where the substance is not also in the text. Without a session index there is no `get_resource` and no `get_activity`. Test: strike every reference; an instruction that stops being executable was never executable.
AP	AP-150. instruction-narrates-an-actor	**Fires on:** `technique.rules`, `technique.protocol`, `technique.inputs`, `technique.outputs`, `technique.capability`, `readme`, `activity.steps[].options[].description`, `activity.steps[].actions[].description`, `workflow.rules.universal`	**Detect:** For each rule, Protocol step, I/O description, Capability sentence, README orientation line, and option or action text, name the actor the surface is delivered to. Where a surface reaches more than one — a container `TECHNIQUE.md` merged into its descendants, or `rules.universal` — flag a clause only some of those actors can act on. Flag a clause that narrates a second actor's behaviour, state, techniques, or limitations, which the reader can neither observe nor act on, and a clause that states the reader's own duty in the third person. Test: strike the clause. Where it named a second actor, flag it if the instruction is still complete. Where it named the reader in the third person, flag it if what remains no longer tells the reader to do the thing. A clause already addressed to the reader that repeats an imperative is not this fault.
AP	AP-151. rule-binds-beyond-its-operation	**Fires on:** `technique.rules`	**Detect:** For each `## Rules` entry, name the subject it constrains and ask whether the technique performs or produces that subject. Flag an entry whose subject outlives it — a sole writer, owner, or home named for something the technique only contributes to, or a duty assigned to an actor the entry is not delivered to. Test: strike the technique from the sentence; where the claim still binds somebody, it is policy, and its home is the surface that owns the subject.
AP	AP-152. inherited-input-re-declared	**Fires on:** `technique.inputs`, `technique.inherited_inputs`	**Detect:** For each `### <id>` under a technique's `## Inputs`, resolve the contracts the loader merges into that file — its group `TECHNIQUE.md` and the workflow-root `TECHNIQUE.md` — and flag an id an ancestor already declares. The merge supplies the slot before the leaf is read. Where the leaf's wording narrows the value to that one technique, a caller binds against the ancestor's contract while a reader takes the leaf's, and neither is marked as the one that governs.
AP	AP-153. schema-semantics-restated	**Fires on:** `technique.rules`, `technique.capability`, `resource`	**Detect:** Technique Rules, Capability, or resource prose states a field's semantics rather than using the field: an operator or value roster the schema enumerates, a field's default or optionality, a co-declaration requirement ("a soft gate declares both"), a validation outcome ("a mismatch is stored as written"), or a mapping from a construct to the fields that express it. Test: the sentence would need editing by whoever edits the schema, and a reader could read the same fact off the schema resource the server serves.
AP	AP-154. engine-internals-narrated	**Fires on:** `technique`	**Detect:** An engine or agent-entry technique names a server-internal — a file the server owns, a storage layout, a seal or hash scheme, an internal function or module, a persistence or caching step — where the reader's action is unchanged by knowing it. Test: delete the passage; if every call the reader makes and every value it passes stays the same, flag it. The engine carve-outs (`no-tool-usage-prescription`, `no-engine-mechanics-as-rules`) license naming the *calls* a reader makes, not the internals behind them.
AP	AP-155. value-set-in-prose	**Fires on:** `workflow.variables`, `technique.inputs`, `technique.outputs`, `resource`	**Detect:** A `variables[].description`, a technique I/O description, or resource prose enumerates the values a declared variable takes — a pipe-separated roster, a quoted list, an "either … or", or option ids glossed one by one — and the declaration carries no `values`. Test: if adding an option to the producing gate would leave the prose wrong and nothing would fail, flag it.
AP	AP-156. one-invariant-per-rule	**Fires on:** `technique.rules`	**Detect:** A `## Rules` entry whose body divides into parts that each state a constraint citable on its own and editable without the others. Signals: a bolded sentence-lede opening a paragraph inside the body; a length far outside the other entries in the same file; consecutive paragraphs whose subjects differ. Test: the invariant takes several sentences and none entails the others. One entry is one finding, however many constraints it holds.
AP	AP-157. call-omits-conditionally-required-argument	**Fires on:** `technique.protocol`, `technique.rules`	**Detect:** For each tool call a Protocol phase or Rule writes as a signature, read the tool's description and its refusal text for a state in which an optional argument becomes required. Name the state the technique is in when it reaches that call. Flag a signature the tool refuses from that state. A schema check settles nothing: both the executable call and the refused one satisfy it.
AP	AP-158. call-omits-required-argument	**Fires on:** `technique.protocol`, `technique.rules`	**Detect:** For each tool call a Protocol phase or Rule writes as a whole signature, compare the arguments it names against the parameters that tool declares required. Flag every required parameter the signature does not name. A signature is whole unless its own text marks it partial. Test: the call the signature stands for is one the tool refuses before its handler runs.
AP	AP-159. call-names-an-undeclared-argument	**Fires on:** `technique.protocol`, `technique.rules`	**Detect:** Compare every argument a described signature names against the parameters the tool declares, whole signature or partial alike. Flag each name the tool does not carry. Where the argument sits on a nested object the tool declares, read the name at that level. A renamed or withdrawn parameter and a name that was never one fail the same way.
AP	AP-160. protocol-phase-as-list-item	**Fires on:** `technique.protocol`	**Detect:** A technique `## Protocol` holds its phases as `N. …` list entries rather than `### N. Title` sub-sections. A bold lead such as `**Engineering commit + push:**` is the same fault: it names the outcome and leaves the phase with no heading, so nothing can anchor to it and the name renders as emphasis. A file mixing the two spellings is flagged the same way. Test: a citation of this one phase has only the whole technique to link to.
AP	AP-161. unreachable-operation-reference	**Fires on:** `technique.capability`, `technique.protocol`, `technique.rules`	**Detect:** A technique file names another technique or technique — in Capability, Protocol, or `## Rules` — by a markdown link to a technique file or by a `::` address, and no work is invoked: a rule naming the instrument for a question or forbidding one, a Protocol aside citing where a fact lives, a documentation or canonical-form reference. Test: what the reader does with the name needs a file the delivery did not carry.
AP	AP-162. produce-path-without-a-reading	**Fires on:** `technique.protocol`	**Detect:** A technique `## Protocol` whose phases reduce to invoking one tool, or reading one resource, and recording the response under a declared id, with no phase that interprets, bounds, or qualifies the answer: no statement of what the response omits or caps, no derivation, no verdict, no recovery for an unexpected answer. Test: what a reader gains beyond the tool's own schema is only a variable name.
AP	AP-163. construct-folder-without-a-readme	**Fires on:** `activity`, `technique`, `resource`, `routine`	**Detect:** A folder holding construct files — a workflow's `activities/`, `techniques/`, `resources/`, `routines/`, or a group folder beneath one — with no `README.md` beside them. A completeness verdict names the folder list it measured.
AP	AP-164. relocation-without-a-preserved-outcome	**Fires on:** `activity.steps`, `activity.exits`, `technique`, `workflow.rules`, `activity.rules`, `technique.rules`	**Detect:** On a change surface, a gate, an exit, a bound technique, or a rule that the base ref carried at a site is absent there, and an equivalent construct appears elsewhere. Flag where neither site states the outcome, option, input, or audience the move preserves, nor the check that confirms it. Test: what the move had to keep, and where that is recorded, exists only in the reviewer's head. A relocation reads clean file by file, so a per-file walk never reaches it.
AP	AP-165. unproducible-declared-value	**Fires on:** `technique.outputs`, `technique.protocol`	**Detect:** For each value a technique's `## Outputs` enumerates — on an entry, a component, or a nested field — name the phase that leaves it standing when the run ends. Flag a value whose assigning phase is followed by a phase that reassigns the same field over a population that includes those subjects, and a value no phase assigns. Test: as the last phase completes, a later phase's own criteria settle that subject's field. Each phase can be correct alone; only their order is wrong.
CV	Reference Conventions	**Fires on:** `workflow`, `activity`, `technique`, `routine`, `resource`	
